{"train_loss": 43.488089858296526, "test_loss": 43.587133260991564, "_timestamp": 1718477414.0543191, "_runtime": 2552.3434162139893, "_step": 100, "learning_rate": 0.0001, "batch_size": 512, "epoch": 100, "_wandb": {"runtime": 2551}}