{"train_loss": 70.95204932828874, "test_loss": 65.230235438043, "_timestamp": 1718474755.8781528, "_runtime": 51.49850678443909, "_step": 1, "_wandb": {"runtime": 68}}