{"train_loss": 14.484987418945398, "test_loss": 14.500176959582282, "_timestamp": 1718489486.802971, "_runtime": 4105.748585939407, "_step": 100, "learning_rate": 0.0001, "batch_size": 512, "epoch": 100, "_wandb": {"runtime": 4105}}